{
  "CMIT Building": [-84.29074074279187, 37.57292195128939],
  "Arts Center": [-84.2888889, 37.5733333],
  "Draper Hall": [-84.29228072169963, 37.573027141828966],
  "Natural Sciences Building": [-84.28918852406122, 37.57483224024733],
  "Danforth Industrial Arts Building": [-84.28921936269758, 37.57395248203487],
  "Seabury Center": [-84.29076200127025, 37.574041098123956],
  "Presser Hall": [-84.29195110688627, 37.57009445815573],
  "Frost Building": [-84.29134332214507, 37.571758053571685],
  "Goldthwait Agricultural Building": [0, 0],
  "Ross Jelkyl Drama Center": [84.29262113589267, 37.573774763655635],
  "Rogers-Traylor Art Building": [-84.2925968145063, 37.5737644308301],
  "Knapp Hall": [-84.292845057283, 37.569762149096306],
  "Emery Building": [0, 0],
  "Harrison-McLain Home Management House": [0, 0],
  "Phelps Stokes Chapel": [0, 0]
}